category_id,breadcrumb_category_id,breadcrumb_name
1804,1815,Thiết Bị Âm Thanh và Phụ Kiện
1815,1815,Phụ kiện máy tính và Laptop
5264,1815,Phụ kiện máy tính và Laptop
1815,1815,Phụ Kiện Điện Thoại và Máy Tính Bảng
1520,1520,Chăm sóc tóc và da đầu
1837,1815,Thiết Bị Số - Phụ Kiện Số
1815,1815,Thiết Bị Số - Phụ Kiện Số
25026,1815,Thiết Bị Số - Phụ Kiện Số
1805,1815,Thiết Bị Số - Phụ Kiện Số
1804,1815,Thiết Bị Số - Phụ Kiện Số
5267,1815,Thiết Bị Số - Phụ Kiện Số
11935,1520,Làm Đẹp - Sức Khỏe
1520,1520,Làm Đẹp - Sức Khỏe
1601,1520,Làm Đẹp - Sức Khỏe
1583,1520,Làm Đẹp - Sức Khỏe
1838,1815,Thiết Bị Số - Phụ Kiện Số
2,1520,Làm Đẹp - Sức Khỏe
3422,1520,Làm Đẹp - Sức Khỏe
11605,1520,Làm Đẹp - Sức Khỏe
11512,1520,Làm Đẹp - Sức Khỏe
0,1520,Làm Đẹp - Sức Khỏe
8168,1520,Làm Đẹp - Sức Khỏe
17170,1520,Làm Đẹp - Sức Khỏe
1634,1520,Làm Đẹp - Sức Khỏe
53190,1883,Nhà Cửa - Đời Sống
13878,1520,Làm Đẹp - Sức Khỏe
3177,1883,Nhà Cửa - Đời Sống
914,8371,Đồng hồ và Trang sức
5385,8371,Đồng hồ và Trang sức
1627,1520,Làm Đẹp - Sức Khỏe
1883,1883,Nhà Cửa - Đời Sống
4880,1815,Thiết Bị Số - Phụ Kiện Số
11885,1520,Làm Đẹp - Sức Khỏe
3426,1520,Làm Đẹp - Sức Khỏe
1836,1815,Thiết Bị Số - Phụ Kiện Số
8206,1520,Làm Đẹp - Sức Khỏe
2154,1883,Nhà Cửa - Đời Sống
8170,1520,Làm Đẹp - Sức Khỏe
3428,1815,Thiết Bị Số - Phụ Kiện Số
23254,1883,Nhà Cửa - Đời Sống
17162,1520,Làm Đẹp - Sức Khỏe
2020,1883,Nhà Cửa - Đời Sống
1343,1883,Nhà Cửa - Đời Sống
1984,1883,Nhà Cửa - Đời Sống
1805,1815,Thiết Bị Âm Thanh và Phụ Kiện
1613,1520,Làm Đẹp - Sức Khỏe
11875,1520,Làm Đẹp - Sức Khỏe
1778,8371,Đồng hồ và Trang sức
8602,1520,Làm Đẹp - Sức Khỏe
1630,1520,Làm Đẹp - Sức Khỏe
23362,1883,Nhà Cửa - Đời Sống
2153,1883,Nhà Cửa - Đời Sống
4428,1815,Thiết Bị Âm Thanh và Phụ Kiện
8300,1520,Làm Đẹp - Sức Khỏe
2347,1520,Làm Đẹp - Sức Khỏe
8172,1520,Làm Đẹp - Sức Khỏe
8067,1815,Thiết Bị Số - Phụ Kiện Số
2225,1883,Nhà Cửa - Đời Sống
17186,1520,Làm Đẹp - Sức Khỏe
2136,1883,Nhà Cửa - Đời Sống
23216,1883,Nhà Cửa - Đời Sống
53350,1520,Làm Đẹp - Sức Khỏe
2266,1883,Nhà Cửa - Đời Sống
1520,1520,Trang điểm 
1883,1883,Đồ dùng phòng ăn
1936,1883,Nhà Cửa - Đời Sống
2685,1883,Nhà Cửa - Đời Sống
12876,1815,Phụ kiện máy tính và Laptop
23588,1883,Nhà Cửa - Đời Sống
8305,1520,Làm Đẹp - Sức Khỏe
2759,1883,Nhà Cửa - Đời Sống
1815,1815,Thiết Bị Chơi Game và Phụ Kiện
8064,1815,Thiết Bị Số - Phụ Kiện Số
53074,1883,Nhà Cửa - Đời Sống
3710,1883,Nhà Cửa - Đời Sống
914,8371,Phụ kiện đồng hồ
2140,1883,Nhà Cửa - Đời Sống
53054,1883,Nhà Cửa - Đời Sống
23832,1883,Nhà Cửa - Đời Sống
6948,1883,Dụng cụ nhà bếp
3177,1883,Đồ dùng phòng ăn
53190,1883,Dụng cụ & Thiết bị tiện ích
1789,1789,Điện Thoại - Máy Tính Bảng
914,8371,Trang sức
2014,1883,Nhà Cửa - Đời Sống
914,8371,Đồng hồ nữ
8227,1520,Làm Đẹp - Sức Khỏe
914,8371,Đồng hồ nam
1832,1815,Thiết Bị Số - Phụ Kiện Số
914,8371,Đồng hồ trẻ em
1979,1883,Nhà Cửa - Đời Sống
1883,1883,Đồ dùng phòng ngủ
23392,1883,Đồ dùng phòng ngủ
15250,8371,Đồng hồ và Trang sức
2234,1883,Nhà Cửa - Đời Sống
23484,1883,Nhà Cửa - Đời Sống
2805,1883,Nhà Cửa - Đời Sống
1622,1520,Làm Đẹp - Sức Khỏe
1789,1789,Điện thoại bàn
8061,1789,Điện thoại bàn
8061,1789,Điện Thoại - Máy Tính Bảng
1815,1815,Thiết Bị Đeo Thông Minh và Phụ Kiện
23290,1883,Nhà Cửa - Đời Sống
5905,1520,Dụng cụ làm đẹp
51698,1815,Thiết Bị Số - Phụ Kiện Số
11897,1520,Làm Đẹp - Sức Khỏe
1811,1815,Thiết Bị Số - Phụ Kiện Số
15320,8371,Đồng hồ và Trang sức
15318,8371,Đồng hồ và Trang sức
5566,1815,Thiết Bị Số - Phụ Kiện Số
27180,1883,Nhà Cửa - Đời Sống
1631,1520,Làm Đẹp - Sức Khỏe
1883,1883,Dụng cụ nhà bếp
23540,1883,Nhà Cửa - Đời Sống
1795,1789,Điện thoại Smartphone
23282,1883,Đồ dùng phòng ăn
5531,1815,Thiết Bị Số - Phụ Kiện Số
2488,1883,Nhà Cửa - Đời Sống
23258,1883,Nhà Cửa - Đời Sống
17162,1520,Chăm sóc cơ thể
4451,1883,Nhà Cửa - Đời Sống
1789,1789,Máy đọc sách
1883,1883,Đèn & thiết bị chiếu sáng
1520,1520,Chăm sóc cá nhân
3515,1883,Nhà Cửa - Đời Sống
11893,1520,Làm Đẹp - Sức Khỏe
2154,1883,Dụng cụ & Thiết bị tiện ích
1815,1815,Thiết Bị Thông Minh và Linh Kiện Điện Tử
23048,1883,Dụng cụ & Thiết bị tiện ích
1796,1789,Điện Thoại - Máy Tính Bảng
1811,1815,Thiết Bị Âm Thanh và Phụ Kiện
23800,1883,Trang trí nhà cửa
8371,8371,Đồng hồ và Trang sức
1883,1883,Sửa chữa nhà cửa
23058,1883,Nhà Cửa - Đời Sống
7075,1815,Thiết Bị Số - Phụ Kiện Số
5995,1883,Ngoài trời & sân vườn
11837,1520,Làm Đẹp - Sức Khỏe
6061,1815,Thiết Bị Số - Phụ Kiện Số
1829,1815,Thiết Bị Số - Phụ Kiện Số
23048,1883,Nhà Cửa - Đời Sống
7078,1815,Thiết Bị Số - Phụ Kiện Số
28398,1815,Thiết Bị Số - Phụ Kiện Số
11845,1520,Làm Đẹp - Sức Khỏe
28480,1815,Thiết Bị Số - Phụ Kiện Số
1626,1520,Làm Đẹp - Sức Khỏe
1520,1520,Chăm sóc cơ thể
1838,1815,Phụ kiện máy tính và Laptop
1984,1883,Dụng cụ nhà bếp
3990,1883,Nhà Cửa - Đời Sống
8519,1815,Thiết Bị Số - Phụ Kiện Số
23010,1883,Nhà Cửa - Đời Sống
3424,1520,Làm Đẹp - Sức Khỏe
1831,1815,Thiết Bị Số - Phụ Kiện Số
2,8371,Đồng hồ nam
23022,1883,Nhà Cửa - Đời Sống
2,8371,Đồng hồ và Trang sức
23026,1883,Đồ dùng và thiết bị nhà tắm
53188,1883,Nhà Cửa - Đời Sống
2363,1883,Nhà Cửa - Đời Sống
1794,1789,Máy tính bảng
2,8371,Đồng hồ trẻ em
2,8371,Trang sức
1815,1815,Thiết Bị Âm Thanh và Phụ Kiện
5566,1815,Thiết Bị Âm Thanh và Phụ Kiện
5263,1815,Phụ kiện máy tính và Laptop
2513,1883,Nhà Cửa - Đời Sống
2,1883,Đồ dùng phòng ăn
27128,1883,Nhà Cửa - Đời Sống
2173,1815,Thiết Bị Số - Phụ Kiện Số
15250,8371,Trang sức
1520,1520,Sản phẩm thiên nhiên & Khác
2140,1883,Trang trí nhà cửa
20174,1815,Thiết Bị Số - Phụ Kiện Số
5995,1883,Nhà Cửa - Đời Sống
23052,1883,Nhà Cửa - Đời Sống
23246,1883,Đèn & thiết bị chiếu sáng
2657,1815,Thiết Bị Số - Phụ Kiện Số
2512,1883,Nhà Cửa - Đời Sống
0,8371,Đồng hồ và Trang sức
12876,1815,Thiết Bị Số - Phụ Kiện Số
28688,1815,Thiết Bị Số - Phụ Kiện Số
23352,1883,Nhà Cửa - Đời Sống
5384,8371,Đồng hồ và Trang sức
2,1815,Phụ Kiện Điện Thoại và Máy Tính Bảng
21440,1815,Thiết Bị Số - Phụ Kiện Số
6305,1883,Nhà Cửa - Đời Sống
5893,1520,Làm Đẹp - Sức Khỏe
8067,1815,Thiết Bị Âm Thanh và Phụ Kiện
28860,1815,Thiết Bị Âm Thanh và Phụ Kiện
23184,1883,Nhà Cửa - Đời Sống
2136,1883,Dụng cụ nhà bếp
11858,1883,Nhà Cửa - Đời Sống
11516,1815,Thiết Bị Số - Phụ Kiện Số
28736,1815,Thiết Bị Số - Phụ Kiện Số
2,1815,Thiết Bị Số - Phụ Kiện Số
7064,1520,Làm Đẹp - Sức Khỏe
2948,1883,Nhà Cửa - Đời Sống
51698,8371,Đồng hồ và Trang sức
7079,1815,Thiết Bị Số - Phụ Kiện Số
2337,1883,Nhà Cửa - Đời Sống
1634,1520,Dụng cụ làm đẹp
2659,1815,Thiết Bị Số - Phụ Kiện Số
23362,1883,Đồ dùng phòng ngủ
11605,1520,Chăm sóc da mặt
23416,1883,Nhà Cửa - Đời Sống
23042,1883,Đồ dùng và thiết bị nhà tắm
11856,1883,Nhà Cửa - Đời Sống
23576,1883,Nhà Cửa - Đời Sống
1520,1520,Máy Massage & Thiết bị chăm sóc sức khỏe
23634,1883,Nhà Cửa - Đời Sống
20182,1815,Thiết Bị Số - Phụ Kiện Số
23282,1883,Nhà Cửa - Đời Sống
11835,1520,Làm Đẹp - Sức Khỏe
23394,1883,Nhà Cửa - Đời Sống
23622,1883,Nhà Cửa - Đời Sống
26652,1815,Thiết Bị Số - Phụ Kiện Số
3175,1883,Nhà Cửa - Đời Sống
8205,1520,Dụng cụ làm đẹp
23304,1883,Nhà Cửa - Đời Sống
8170,1520,Máy Massage & Thiết bị chăm sóc sức khỏe
11803,1520,Làm Đẹp - Sức Khỏe
7064,1520,Dụng cụ làm đẹp
1597,1520,Trang điểm 
23034,1883,Nhà Cửa - Đời Sống
20492,1883,Nhà Cửa - Đời Sống
23276,1883,Đồ dùng và thiết bị nhà tắm
15936,8371,Đồng hồ và Trang sức
2514,1883,Nhà Cửa - Đời Sống
1883,1883,Nội thất
2685,1883,Đồ dùng và thiết bị nhà tắm
2849,1883,Nhà Cửa - Đời Sống
5450,1883,Nhà Cửa - Đời Sống
53074,1883,Sửa chữa nhà cửa
1520,1520,Thực phẩm chức năng
3710,1883,Trang trí nhà cửa
23244,1883,Nhà Cửa - Đời Sống
2784,1883,Trang trí nhà cửa
2971,1815,Phụ kiện máy tính và Laptop
3428,1815,Phụ kiện máy tính và Laptop
23026,1883,Nhà Cửa - Đời Sống
8305,1520,Máy Massage & Thiết bị chăm sóc sức khỏe
23346,1883,Đồ dùng phòng ngủ
2,1883,Đồ dùng phòng ngủ
23622,1883,Nội thất
23126,1883,Nhà Cửa - Đời Sống
28674,1815,Thiết Bị Số - Phụ Kiện Số
23036,1883,Nhà Cửa - Đời Sống
1607,1520,Trang điểm 
4429,1815,Thiết Bị Âm Thanh và Phụ Kiện
8202,1520,Làm Đẹp - Sức Khỏe
28856,1789,Máy đọc sách
23376,1883,Đồ dùng phòng ngủ
5531,1815,Thiết Bị Âm Thanh và Phụ Kiện
23352,1883,Đồ dùng phòng ngủ
4593,1815,Thiết Bị Số - Phụ Kiện Số
15236,8371,Trang sức
2514,1883,Dụng cụ nhà bếp
28860,1815,Thiết Bị Số - Phụ Kiện Số
2,1883,Đồ thờ cúng
1978,1883,Nhà Cửa - Đời Sống
23112,1883,Nhà Cửa - Đời Sống
27214,1883,Nhà Cửa - Đời Sống
23416,1883,Ngoài trời & sân vườn
12908,1815,Thiết Bị Số - Phụ Kiện Số
23246,1883,Nhà Cửa - Đời Sống
23642,1883,Nhà Cửa - Đời Sống
28434,1815,Thiết Bị Số - Phụ Kiện Số
49722,8371,Phụ kiện đồng hồ
1520,1520,Dụng cụ làm đẹp
28694,1815,Thiết Bị Số - Phụ Kiện Số
1813,1815,Thiết Bị Số - Phụ Kiện Số
1520,1520,Nước hoa
28862,1815,Thiết Bị Âm Thanh và Phụ Kiện
2,1883,Nhà Cửa - Đời Sống
23040,1883,Đồ dùng và thiết bị nhà tắm
2948,1883,Sửa chữa nhà cửa
3426,1520,Chăm sóc da mặt
15236,8371,Đồng hồ và Trang sức
23432,1883,Ngoài trời & sân vườn
2337,1883,Đồ dùng và thiết bị nhà tắm
23450,1883,Nhà Cửa - Đời Sống
23576,1883,Nội thất
2806,1883,Nhà Cửa - Đời Sống
1803,1815,Thiết Bị Âm Thanh và Phụ Kiện
23258,1883,Đồ dùng và thiết bị nhà tắm
8193,1520,Làm Đẹp - Sức Khỏe
8197,1520,Làm Đẹp - Sức Khỏe
8171,1520,Làm Đẹp - Sức Khỏe
21388,1815,Phụ Kiện Điện Thoại và Máy Tính Bảng
11937,1520,Làm Đẹp - Sức Khỏe
2324,1815,Thiết Bị Số - Phụ Kiện Số
8225,1520,Sản phẩm thiên nhiên & Khác
8217,1520,Làm Đẹp - Sức Khỏe
2340,1520,Làm Đẹp - Sức Khỏe
1820,1815,Thiết Bị Số - Phụ Kiện Số
23778,1883,Trang trí nhà cửa
11753,1520,Làm Đẹp - Sức Khỏe
1626,1520,Chăm sóc cá nhân
0,1815,Thiết Bị Số - Phụ Kiện Số
1607,1520,Làm Đẹp - Sức Khỏe
1883,1883,Đồ thờ cúng
2657,1815,Thiết Bị Đeo Thông Minh và Phụ Kiện
23450,1883,Nhạc cụ
23032,1883,Đồ dùng và thiết bị nhà tắm
23104,1883,Nhà Cửa - Đời Sống
4381,1883,Nhà Cửa - Đời Sống
8200,1520,Làm Đẹp - Sức Khỏe
28454,1815,Phụ Kiện Điện Thoại và Máy Tính Bảng
3877,1883,Đồ dùng và thiết bị nhà tắm
1829,1815,Phụ kiện máy tính và Laptop
15318,8371,Trang sức
23184,1883,Dụng cụ nhà bếp
28856,1789,Điện Thoại - Máy Tính Bảng
914,1520,Dụng cụ làm đẹp
2784,1883,Nhà Cửa - Đời Sống
23388,1883,Đồ dùng phòng ngủ
8070,1815,Thiết Bị Số - Phụ Kiện Số
1612,1520,Làm Đẹp - Sức Khỏe
23710,1883,Nhà Cửa - Đời Sống
4428,1815,Thiết Bị Số - Phụ Kiện Số
2347,1520,Chăm sóc da mặt
23588,1883,Nội thất
23136,1883,Nhà Cửa - Đời Sống
23340,1883,Nhà Cửa - Đời Sống
23042,1883,Nhà Cửa - Đời Sống
2225,1883,Dụng cụ nhà bếp
1597,1520,Làm Đẹp - Sức Khỏe
27180,1883,Ngoài trời & sân vườn
2805,1883,Sửa chữa nhà cửa
28738,1815,Thiết Bị Số - Phụ Kiện Số
23634,1883,Nội thất
5264,1815,Thiết Bị Số - Phụ Kiện Số
18876,1883,Nhà Cửa - Đời Sống
11518,1815,Thiết Bị Số - Phụ Kiện Số
53048,1883,Nhà Cửa - Đời Sống
2363,1883,Dụng cụ & Thiết bị tiện ích
53186,1883,Đồ dùng phòng ngủ
1583,1520,Chăm sóc da mặt
27214,1883,Trang trí nhà cửa
28480,1815,Phụ Kiện Điện Thoại và Máy Tính Bảng
23058,1883,Đồ thờ cúng
20254,1815,Thiết Bị Số - Phụ Kiện Số
23102,1883,Nhà Cửa - Đời Sống
28682,1815,Thiết Bị Số - Phụ Kiện Số
23346,1883,Nhà Cửa - Đời Sống
23712,1883,Nhà Cửa - Đời Sống
23016,1883,Nhà Cửa - Đời Sống
6305,1883,Dụng cụ nhà bếp
23834,1883,Đồ dùng và thiết bị nhà tắm
23030,1883,Đồ dùng và thiết bị nhà tắm
28628,1815,Thiết Bị Số - Phụ Kiện Số
1803,1815,Thiết Bị Số - Phụ Kiện Số
50476,1520,Làm Đẹp - Sức Khỏe
5263,1815,Thiết Bị Số - Phụ Kiện Số
12590,1883,Nhà Cửa - Đời Sống
3178,1883,Đồ dùng phòng ăn
7079,1815,Thiết Bị Âm Thanh và Phụ Kiện
2340,1520,Máy Massage & Thiết bị chăm sóc sức khỏe
2,1789,Điện thoại Smartphone
2238,1883,Đồ dùng và thiết bị nhà tắm
2153,1883,Dụng cụ & Thiết bị tiện ích
8199,1520,Dụng cụ làm đẹp
2513,1883,Dụng cụ nhà bếp
12590,1883,Nội thất
11689,1520,Làm Đẹp - Sức Khỏe
23304,1883,Đồ dùng phòng ăn
8371,8371,Trang sức
23802,1883,Đèn & thiết bị chiếu sáng
27128,1883,Đồ dùng và thiết bị nhà tắm
7061,1520,Làm Đẹp - Sức Khỏe
3990,1883,Đồ dùng phòng ăn
2334,1520,Làm Đẹp - Sức Khỏe
1789,1789,Điện thoại Smartphone
23254,1883,Đồ dùng và thiết bị nhà tắm
1936,1883,Đồ dùng phòng ăn
8205,1520,Làm Đẹp - Sức Khỏe
8225,1520,Làm Đẹp - Sức Khỏe
2,1520,Trang điểm 
1795,1789,Điện Thoại - Máy Tính Bảng
53048,1883,Đồ dùng và thiết bị nhà tắm
15320,8371,Trang sức
28870,1815,Thiết Bị Âm Thanh và Phụ Kiện
2,1520,Chăm sóc tóc và da đầu
8068,1815,Thiết Bị Số - Phụ Kiện Số
11827,1520,Làm Đẹp - Sức Khỏe
2511,1883,Nhà Cửa - Đời Sống
4966,1815,Thiết Bị Âm Thanh và Phụ Kiện
28862,1815,Thiết Bị Số - Phụ Kiện Số
23832,1883,Đồ dùng và thiết bị nhà tắm
977,8371,Đồng hồ và Trang sức
23228,1883,Nhà Cửa - Đời Sống
1794,1789,Điện Thoại - Máy Tính Bảng
1778,8371,Đồng hồ nam
977,8371,Đồng hồ nữ
8371,8371,Phụ kiện đồng hồ
23800,1883,Nhà Cửa - Đời Sống
11873,1520,Làm Đẹp - Sức Khỏe
5384,8371,Đồng hồ nữ
1883,1883,Dụng cụ & Thiết bị tiện ích
8400,1815,Thiết Bị Số - Phụ Kiện Số
28452,1815,Thiết Bị Số - Phụ Kiện Số
20244,1815,Phụ Kiện Điện Thoại và Máy Tính Bảng
2977,1815,Thiết Bị Âm Thanh và Phụ Kiện
12864,1815,Thiết Bị Thông Minh và Linh Kiện Điện Tử
28598,1815,Phụ Kiện Điện Thoại và Máy Tính Bảng
2324,1815,Thiết Bị Âm Thanh và Phụ Kiện
5385,8371,Đồng hồ nữ
8513,8371,Đồng hồ nam
28578,1815,Phụ Kiện Điện Thoại và Máy Tính Bảng
1628,1520,Làm Đẹp - Sức Khỏe
28454,1815,Thiết Bị Số - Phụ Kiện Số
11879,1520,Làm Đẹp - Sức Khỏe
8516,8371,Đồng hồ nữ
49724,8371,Phụ kiện đồng hồ
28644,1815,Thiết Bị Số - Phụ Kiện Số
28596,1815,Phụ Kiện Điện Thoại và Máy Tính Bảng
11905,1520,Làm Đẹp - Sức Khỏe
49724,8371,Đồng hồ và Trang sức
11857,1520,Làm Đẹp - Sức Khỏe
8512,8371,Đồng hồ và Trang sức
23032,1883,Nhà Cửa - Đời Sống
3804,1815,Phụ kiện máy tính và Laptop
5872,1520,Làm Đẹp - Sức Khỏe
28428,1815,Thiết Bị Số - Phụ Kiện Số
8371,8371,Đồng hồ trẻ em
11518,1815,Thiết Bị Âm Thanh và Phụ Kiện
8511,8371,Đồng hồ và Trang sức
28576,1815,Thiết Bị Số - Phụ Kiện Số
28460,1815,Thiết Bị Số - Phụ Kiện Số
28574,1815,Phụ Kiện Điện Thoại và Máy Tính Bảng
8400,1815,Thiết Bị Âm Thanh và Phụ Kiện
23658,1883,Nội thất
27212,1883,Trang trí nhà cửa
1819,1815,Thiết Bị Số - Phụ Kiện Số
20250,1815,Thiết Bị Số - Phụ Kiện Số
11859,1520,Làm Đẹp - Sức Khỏe
23072,1883,Nhà Cửa - Đời Sống
27546,8371,Đồng hồ trẻ em
49728,8371,Đồng hồ và Trang sức
11881,1520,Làm Đẹp - Sức Khỏe
6653,1815,Thiết Bị Âm Thanh và Phụ Kiện
8602,1520,Sản phẩm thiên nhiên & Khác
8513,8371,Đồng hồ và Trang sức
28486,1815,Thiết Bị Số - Phụ Kiện Số
11923,1520,Máy Massage & Thiết bị chăm sóc sức khỏe
8512,8371,Đồng hồ nam
1637,1520,Làm Đẹp - Sức Khỏe
3805,1815,Thiết Bị Số - Phụ Kiện Số
12908,1815,Phụ Kiện Điện Thoại và Máy Tính Bảng
27544,8371,Đồng hồ trẻ em
1832,1815,Phụ kiện máy tính và Laptop
7273,1815,Thiết Bị Số - Phụ Kiện Số
20222,1815,Thiết Bị Số - Phụ Kiện Số
5006,1815,Phụ Kiện Điện Thoại và Máy Tính Bảng
1831,1815,Phụ kiện máy tính và Laptop
28646,1815,Thiết Bị Âm Thanh và Phụ Kiện
11911,1520,Máy Massage & Thiết bị chăm sóc sức khỏe
20236,1815,Phụ Kiện Điện Thoại và Máy Tính Bảng
28484,1815,Thiết Bị Số - Phụ Kiện Số
11933,1520,Làm Đẹp - Sức Khỏe
11869,1520,Làm Đẹp - Sức Khỏe
11877,1520,Làm Đẹp - Sức Khỏe
23052,1883,Dụng cụ & Thiết bị tiện ích
5267,1815,Phụ kiện máy tính và Laptop
23642,1883,Nội thất
8073,1815,Thiết Bị Số - Phụ Kiện Số
11851,1520,Thực phẩm chức năng
8220,1520,Làm Đẹp - Sức Khỏe
7081,1815,Thiết Bị Số - Phụ Kiện Số
28732,1815,Thiết Bị Số - Phụ Kiện Số
20244,1815,Thiết Bị Số - Phụ Kiện Số
8198,1520,Trang điểm 
12294,1815,Phụ Kiện Điện Thoại và Máy Tính Bảng
11825,1520,Làm Đẹp - Sức Khỏe
11833,1520,Chăm sóc cá nhân
23082,1883,Nhà Cửa - Đời Sống
7273,1815,Thiết Bị Chơi Game và Phụ Kiện
8165,1520,Làm Đẹp - Sức Khỏe
23366,1883,Nhà Cửa - Đời Sống
28478,1815,Phụ Kiện Điện Thoại và Máy Tính Bảng
11831,1520,Dụng cụ làm đẹp
28482,1815,Phụ Kiện Điện Thoại và Máy Tính Bảng
28484,1815,Phụ Kiện Điện Thoại và Máy Tính Bảng
6742,1815,Thiết Bị Số - Phụ Kiện Số
28428,1815,Thiết Bị Đeo Thông Minh và Phụ Kiện
1613,1520,Chăm sóc tóc và da đầu
28574,1815,Thiết Bị Số - Phụ Kiện Số
2971,1815,Thiết Bị Số - Phụ Kiện Số
11861,1520,Làm Đẹp - Sức Khỏe
1636,1520,Làm Đẹp - Sức Khỏe
23446,1883,Nhà Cửa - Đời Sống
28482,1815,Thiết Bị Số - Phụ Kiện Số
11847,1520,Làm Đẹp - Sức Khỏe
7081,1815,Thiết Bị Âm Thanh và Phụ Kiện
8308,1520,Chăm sóc cơ thể
11885,1520,Thực phẩm chức năng
2,1883,Dụng cụ nhà bếp
11847,1520,Thực phẩm chức năng
1813,1815,Thiết Bị Âm Thanh và Phụ Kiện
10228,1520,Làm Đẹp - Sức Khỏe
3877,1883,Nhà Cửa - Đời Sống
20240,1815,Phụ Kiện Điện Thoại và Máy Tính Bảng
11929,1520,Làm Đẹp - Sức Khỏe
8192,1520,Làm Đẹp - Sức Khỏe
28392,1815,Thiết Bị Số - Phụ Kiện Số
13878,1520,Chăm sóc cơ thể
11943,1520,Làm Đẹp - Sức Khỏe
8223,1520,Làm Đẹp - Sức Khỏe
23658,1883,Nhà Cửa - Đời Sống
23238,1883,Nhà Cửa - Đời Sống
11923,1520,Làm Đẹp - Sức Khỏe
11831,1520,Làm Đẹp - Sức Khỏe
11941,1520,Dụng cụ làm đẹp
11911,1520,Làm Đẹp - Sức Khỏe
28626,1815,Thiết Bị Số - Phụ Kiện Số
8314,1883,Đồ dùng phòng ngủ
3804,1815,Thiết Bị Số - Phụ Kiện Số
23702,1883,Nhà Cửa - Đời Sống
12294,1815,Thiết Bị Số - Phụ Kiện Số
23154,1883,Nhà Cửa - Đời Sống
6742,1815,Thiết Bị Chơi Game và Phụ Kiện
28682,1815,Phụ kiện máy tính và Laptop
2,8371,Phụ kiện đồng hồ
23436,1883,Ngoài trời & sân vườn
1836,1815,Phụ kiện máy tính và Laptop
11833,1520,Làm Đẹp - Sức Khỏe
23270,1883,Nhà Cửa - Đời Sống
8223,1520,Chăm sóc tóc và da đầu
27194,1883,Nhà Cửa - Đời Sống
18876,1883,Ngoài trời & sân vườn
8314,1883,Nhà Cửa - Đời Sống
11849,1520,Làm Đẹp - Sức Khỏe
2018,1883,Nhà Cửa - Đời Sống
8197,1520,Trang điểm 
49726,8371,Đồng hồ và Trang sức
9013,1815,Thiết Bị Số - Phụ Kiện Số
23006,1883,Nhà Cửa - Đời Sống
28594,1815,Thiết Bị Số - Phụ Kiện Số
1752,1520,Làm Đẹp - Sức Khỏe
23438,1883,Nhà Cửa - Đời Sống
2,1815,Phụ kiện máy tính và Laptop
53054,1883,Ngoài trời & sân vườn
12864,1815,Thiết Bị Số - Phụ Kiện Số
4342,1883,Nhà Cửa - Đời Sống
1616,1520,Làm Đẹp - Sức Khỏe
8202,1520,Dụng cụ làm đẹp
2,1520,Máy Massage & Thiết bị chăm sóc sức khỏe
2019,1883,Đèn & thiết bị chiếu sáng
2,1520,Dụng cụ làm đẹp
8196,1520,Làm Đẹp - Sức Khỏe
6653,1815,Thiết Bị Số - Phụ Kiện Số
28584,1815,Phụ Kiện Điện Thoại và Máy Tính Bảng
53058,1883,Nhà Cửa - Đời Sống
28870,1815,Thiết Bị Số - Phụ Kiện Số
7449,8371,Đồng hồ và Trang sức
8198,1520,Làm Đẹp - Sức Khỏe
23236,1883,Đèn & thiết bị chiếu sáng
3179,1883,Nhà Cửa - Đời Sống
1796,1789,Điện thoại phổ thông
27196,1883,Nhà Cửa - Đời Sống
11935,1520,Dụng cụ làm đẹp
5905,1520,Làm Đẹp - Sức Khỏe
23778,1883,Nhà Cửa - Đời Sống
20236,1815,Thiết Bị Số - Phụ Kiện Số
20254,1815,Thiết Bị Thông Minh và Linh Kiện Điện Tử
23340,1883,Đồ dùng phòng ăn
23432,1883,Nhà Cửa - Đời Sống
28722,1815,Thiết Bị Số - Phụ Kiện Số
28740,1815,Thiết Bị Số - Phụ Kiện Số
4408,1520,Làm Đẹp - Sức Khỏe
17186,1520,Chăm sóc cá nhân
2342,1520,Làm Đẹp - Sức Khỏe
20170,1815,Thiết Bị Âm Thanh và Phụ Kiện
1820,1815,Phụ Kiện Điện Thoại và Máy Tính Bảng
4452,1883,Sửa chữa nhà cửa
2760,1883,Nhà Cửa - Đời Sống
20174,1815,Thiết Bị Âm Thanh và Phụ Kiện
23242,1883,Nhà Cửa - Đời Sống
11883,1520,Thực phẩm chức năng
28472,1815,Phụ Kiện Điện Thoại và Máy Tính Bảng
23508,1883,Nhà Cửa - Đời Sống
8201,1520,Dụng cụ làm đẹp
1622,1520,Dụng cụ làm đẹp
27232,1883,Nhà Cửa - Đời Sống
11516,1815,Thiết Bị Âm Thanh và Phụ Kiện
11868,1520,Làm Đẹp - Sức Khỏe
2016,1883,Đèn & thiết bị chiếu sáng
8306,1520,Làm Đẹp - Sức Khỏe
1623,1520,Chăm sóc tóc và da đầu
8066,1815,Thiết Bị Số - Phụ Kiện Số
2,1883,Sửa chữa nhà cửa
0,1883,Nhà Cửa - Đời Sống
28874,1815,Thiết Bị Số - Phụ Kiện Số
28468,1815,Thiết Bị Số - Phụ Kiện Số
3178,1883,Nhà Cửa - Đời Sống
4452,1883,Nhà Cửa - Đời Sống
10413,1815,Thiết Bị Thông Minh và Linh Kiện Điện Tử
28576,1815,Phụ Kiện Điện Thoại và Máy Tính Bảng
20222,1815,Phụ Kiện Điện Thoại và Máy Tính Bảng
3805,1815,Phụ Kiện Điện Thoại và Máy Tính Bảng
28688,1815,Phụ kiện máy tính và Laptop
23392,1883,Nhà Cửa - Đời Sống
28868,1815,Thiết Bị Số - Phụ Kiện Số
28868,1815,Thiết Bị Âm Thanh và Phụ Kiện
4380,1883,Nội thất
10413,1815,Thiết Bị Số - Phụ Kiện Số
8064,1815,Thiết Bị Âm Thanh và Phụ Kiện
49726,8371,Phụ kiện đồng hồ
23464,1883,Nhà Cửa - Đời Sống
11767,1520,Trang điểm 
2659,1815,Phụ Kiện Điện Thoại và Máy Tính Bảng
1641,1520,Làm Đẹp - Sức Khỏe
23718,1883,Sửa chữa nhà cửa
4593,1815,Phụ kiện máy tính và Laptop
2,1883,Đồ dùng và thiết bị nhà tắm
8189,1520,Làm Đẹp - Sức Khỏe
11735,1520,Làm Đẹp - Sức Khỏe
28472,1815,Thiết Bị Số - Phụ Kiện Số
28594,1815,Phụ Kiện Điện Thoại và Máy Tính Bảng
26652,1815,Thiết Bị Âm Thanh và Phụ Kiện
28470,1815,Thiết Bị Số - Phụ Kiện Số
20248,1815,Thiết Bị Số - Phụ Kiện Số
2,1815,Thiết Bị Âm Thanh và Phụ Kiện
27170,1883,Nhà Cửa - Đời Sống
23456,1883,Nhạc cụ
23528,1883,Nhà Cửa - Đời Sống
8226,1520,Làm Đẹp - Sức Khỏe
23022,1883,Đồ dùng và thiết bị nhà tắm
11943,1520,Dụng cụ làm đẹp
28430,1815,Thiết Bị Số - Phụ Kiện Số
8300,1520,Chăm sóc cá nhân
17184,1520,Làm Đẹp - Sức Khỏe
2,1883,Ngoài trời & sân vườn
2,1815,Thiết Bị Thông Minh và Linh Kiện Điện Tử
20170,1815,Thiết Bị Số - Phụ Kiện Số
23834,1883,Nhà Cửa - Đời Sống
2,1883,Dụng cụ & Thiết bị tiện ích
2,1883,Trang trí nhà cửa
23336,1883,Đồ dùng phòng ăn
28578,1815,Thiết Bị Số - Phụ Kiện Số
2019,1883,Nhà Cửa - Đời Sống
3422,1520,Chăm sóc da mặt
23134,1883,Dụng cụ nhà bếp
11767,1520,Làm Đẹp - Sức Khỏe
11871,1520,Làm Đẹp - Sức Khỏe
2488,1883,Đèn & thiết bị chiếu sáng
2342,1520,Máy Massage & Thiết bị chăm sóc sức khỏe
11857,1520,Thực phẩm chức năng
11921,1520,Làm Đẹp - Sức Khỏe
11929,1520,Máy Massage & Thiết bị chăm sóc sức khỏe
8309,1520,Làm Đẹp - Sức Khỏe
8516,8371,Đồng hồ và Trang sức
26658,1815,Thiết Bị Số - Phụ Kiện Số
2,1883,Đèn & thiết bị chiếu sáng
11889,1520,Làm Đẹp - Sức Khỏe
23238,1883,Đèn & thiết bị chiếu sáng
23136,1883,Dụng cụ nhà bếp
28444,1815,Thiết Bị Số - Phụ Kiện Số
20258,1815,Thiết Bị Số - Phụ Kiện Số
23236,1883,Nhà Cửa - Đời Sống
1789,1789,Máy tính bảng
23276,1883,Nhà Cửa - Đời Sống
23112,1883,Trang trí nhà cửa
1602,1520,Làm Đẹp - Sức Khỏe
6948,1883,Nhà Cửa - Đời Sống
5006,1815,Thiết Bị Số - Phụ Kiện Số
11941,1520,Làm Đẹp - Sức Khỏe
3449,1520,Làm Đẹp - Sức Khỏe
11853,1520,Làm Đẹp - Sức Khỏe
4381,1883,Nội thất
28460,1815,Phụ Kiện Điện Thoại và Máy Tính Bảng
1630,1520,Hỗ trợ tình dục
7449,8371,Đồng hồ nam
23596,1883,Nội thất
27118,1883,Đồ dùng và thiết bị nhà tắm
28434,1815,Thiết Bị Thông Minh và Linh Kiện Điện Tử
23244,1883,Đèn & thiết bị chiếu sáng
53070,1883,Nhà Cửa - Đời Sống
20252,1815,Thiết Bị Số - Phụ Kiện Số
11821,1520,Làm Đẹp - Sức Khỏe
27240,1883,Trang trí nhà cửa
28458,1815,Phụ Kiện Điện Thoại và Máy Tính Bảng
2,1815,Thiết Bị Chơi Game và Phụ Kiện
28596,1815,Thiết Bị Số - Phụ Kiện Số
1819,1815,Phụ Kiện Điện Thoại và Máy Tính Bảng
5450,1883,Ngoài trời & sân vườn
23082,1883,Đồ thờ cúng
11939,1520,Làm Đẹp - Sức Khỏe
8167,1520,Dụng cụ làm đẹp
23678,1883,Nhà Cửa - Đời Sống
20910,1520,Làm Đẹp - Sức Khỏe
8194,1520,Làm Đẹp - Sức Khỏe
23168,1883,Dụng cụ nhà bếp
8172,1520,Máy Massage & Thiết bị chăm sóc sức khỏe
11869,1520,Thực phẩm chức năng
11871,1520,Thực phẩm chức năng
5454,1883,Dụng cụ nhà bếp
1752,1520,Chăm sóc cá nhân
28458,1815,Thiết Bị Số - Phụ Kiện Số
5007,1815,Phụ Kiện Điện Thoại và Máy Tính Bảng
28616,1815,Thiết Bị Số - Phụ Kiện Số
10218,1520,Chăm sóc cơ thể
28470,1815,Phụ Kiện Điện Thoại và Máy Tính Bảng
23322,1883,Nhà Cửa - Đời Sống
2,8371,Đồng hồ nữ
28478,1815,Thiết Bị Số - Phụ Kiện Số
3216,1883,Dụng cụ nhà bếp
8167,1520,Làm Đẹp - Sức Khỏe
28724,1815,Thiết Bị Số - Phụ Kiện Số
23544,1883,Nhà Cửa - Đời Sống
23708,1883,Nhà Cửa - Đời Sống
2392,1883,Nhà Cửa - Đời Sống
11873,1520,Thực phẩm chức năng
28658,1815,Thiết Bị Số - Phụ Kiện Số
28720,1815,Thiết Bị Số - Phụ Kiện Số
28598,1815,Thiết Bị Số - Phụ Kiện Số
11881,1520,Thực phẩm chức năng
12928,1815,Phụ Kiện Điện Thoại và Máy Tính Bảng
28718,1815,Thiết Bị Số - Phụ Kiện Số
28638,1815,Thiết Bị Số - Phụ Kiện Số
15936,8371,Trang sức
8192,1520,Trang điểm 
2238,1883,Nhà Cửa - Đời Sống
20258,1815,Thiết Bị Thông Minh và Linh Kiện Điện Tử
11747,1520,Làm Đẹp - Sức Khỏe
28640,1815,Thiết Bị Âm Thanh và Phụ Kiện
11905,1520,Máy Massage & Thiết bị chăm sóc sức khỏe
23156,1883,Nhà Cửa - Đời Sống
2,1883,Nội thất
20190,1815,Thiết Bị Âm Thanh và Phụ Kiện
11899,1520,Làm Đẹp - Sức Khỏe
11933,1520,Dụng cụ làm đẹp
20922,1520,Chăm sóc cá nhân
23526,1883,Nhà Cửa - Đời Sống
8167,1520,Chăm sóc cơ thể
17174,1520,Làm Đẹp - Sức Khỏe
28618,1815,Thiết Bị Số - Phụ Kiện Số
28694,1815,Phụ kiện máy tính và Laptop
23678,1883,Nội thất
27240,1883,Nhà Cửa - Đời Sống
2016,1883,Nhà Cửa - Đời Sống
8190,1520,Làm Đẹp - Sức Khỏe
2306,1520,Dụng cụ làm đẹp
11939,1520,Dụng cụ làm đẹp
12918,1815,Thiết Bị Số - Phụ Kiện Số
8519,1815,Phụ kiện máy tính và Laptop
23660,1883,Nội thất
28486,1815,Phụ Kiện Điện Thoại và Máy Tính Bảng
20240,1815,Thiết Bị Số - Phụ Kiện Số
23078,1883,Đồ thờ cúng
17170,1520,Chăm sóc da mặt
1601,1520,Chăm sóc da mặt
11883,1520,Làm Đẹp - Sức Khỏe
27194,1883,Sửa chữa nhà cửa
2977,1815,Thiết Bị Số - Phụ Kiện Số
8167,1520,Máy Massage & Thiết bị chăm sóc sức khỏe
28684,1815,Phụ kiện máy tính và Laptop
23376,1883,Nhà Cửa - Đời Sống
11925,1520,Làm Đẹp - Sức Khỏe
7713,1883,Nhà Cửa - Đời Sống
23162,1883,Dụng cụ nhà bếp
27186,1883,Sửa chữa nhà cửa
27186,1883,Nhà Cửa - Đời Sống
11907,1520,Làm Đẹp - Sức Khỏe
3216,1883,Nhà Cửa - Đời Sống
8224,1520,Làm Đẹp - Sức Khỏe
23024,1883,Nhà Cửa - Đời Sống
5900,1520,Làm Đẹp - Sức Khỏe
28616,1815,Phụ Kiện Điện Thoại và Máy Tính Bảng
2,1815,Thiết Bị Đeo Thông Minh và Phụ Kiện
23010,1883,Dụng cụ & Thiết bị tiện ích
8216,1520,Làm Đẹp - Sức Khỏe
27256,1883,Nhà Cửa - Đời Sống
1837,1815,Phụ kiện máy tính và Laptop
23394,1883,Đồ dùng phòng ngủ
12918,1815,Phụ Kiện Điện Thoại và Máy Tính Bảng
11817,1520,Làm Đẹp - Sức Khỏe
11851,1520,Làm Đẹp - Sức Khỏe
2806,1883,Sửa chữa nhà cửa
2392,1883,Sửa chữa nhà cửa
23430,1883,Nhà Cửa - Đời Sống
28426,1815,Thiết Bị Đeo Thông Minh và Phụ Kiện
23288,1883,Nhà Cửa - Đời Sống
28738,1815,Phụ kiện máy tính và Laptop
11821,1520,Chăm sóc tóc và da đầu
23370,1883,Đồ dùng phòng ngủ
4413,1520,Chăm sóc cơ thể
11568,1520,Làm Đẹp - Sức Khỏe
12882,1815,Thiết Bị Số - Phụ Kiện Số
28630,1815,Thiết Bị Số - Phụ Kiện Số
23712,1883,Sửa chữa nhà cửa
23668,1883,Nội thất
23702,1883,Sửa chữa nhà cửa
10386,1520,Làm Đẹp - Sức Khỏe
20252,1815,Thiết Bị Thông Minh và Linh Kiện Điện Tử
28726,1815,Thiết Bị Số - Phụ Kiện Số
4380,1883,Nhà Cửa - Đời Sống
23050,1883,Nhà Cửa - Đời Sống
28444,1815,Thiết Bị Thông Minh và Linh Kiện Điện Tử
5900,1520,Chăm sóc cơ thể
12984,1883,Nhà Cửa - Đời Sống
27212,1883,Nhà Cửa - Đời Sống
11803,1520,Dụng cụ làm đẹp
2512,1883,Dụng cụ nhà bếp
23242,1883,Đèn & thiết bị chiếu sáng
2,1520,Chăm sóc da mặt
11921,1520,Máy Massage & Thiết bị chăm sóc sức khỏe
8165,1520,Dụng cụ làm đẹp
49676,1520,Máy Massage & Thiết bị chăm sóc sức khỏe
4451,1883,Sửa chữa nhà cửa
27190,1883,Sửa chữa nhà cửa
28674,1815,Phụ kiện máy tính và Laptop
28646,1815,Thiết Bị Số - Phụ Kiện Số
23056,1883,Nhà Cửa - Đời Sống
1616,1520,Chăm sóc tóc và da đầu
28464,1815,Phụ Kiện Điện Thoại và Máy Tính Bảng
28640,1815,Thiết Bị Số - Phụ Kiện Số
28452,1815,Phụ Kiện Điện Thoại và Máy Tính Bảng
23134,1883,Nhà Cửa - Đời Sống
10073,1883,Nhạc cụ
2346,1520,Trang điểm 
28430,1815,Thiết Bị Đeo Thông Minh và Phụ Kiện
1627,1520,Chăm sóc cá nhân
1934,1883,Dụng cụ nhà bếp
11867,1520,Làm Đẹp - Sức Khỏe
53070,1883,Sửa chữa nhà cửa
49676,1520,Làm Đẹp - Sức Khỏe
12676,1815,Thiết Bị Số - Phụ Kiện Số
28462,1815,Phụ Kiện Điện Thoại và Máy Tính Bảng
28462,1815,Thiết Bị Số - Phụ Kiện Số
12928,1815,Thiết Bị Số - Phụ Kiện Số
1883,1883,Trang trí nhà cửa
8511,8371,Đồng hồ nam
2234,1883,Đồ dùng và thiết bị nhà tắm
8224,1520,Sản phẩm thiên nhiên & Khác
3179,1883,Đồ dùng phòng ăn
1631,1520,Hỗ trợ tình dục
23220,1883,Nhà Cửa - Đời Sống
28638,1815,Thiết Bị Âm Thanh và Phụ Kiện
2,1520,Sản phẩm thiên nhiên & Khác
28892,8371,Trang sức
23078,1883,Nhà Cửa - Đời Sống
27196,1883,Sửa chữa nhà cửa
23446,1883,Ngoài trời & sân vườn
2266,1883,Sửa chữa nhà cửa
23168,1883,Nhà Cửa - Đời Sống
8044,1815,Thiết Bị Số - Phụ Kiện Số
1978,1883,Sửa chữa nhà cửa
23156,1883,Dụng cụ nhà bếp
8193,1520,Trang điểm 
1883,1883,Đồ dùng và thiết bị nhà tắm
9052,1883,Dụng cụ nhà bếp
23336,1883,Nhà Cửa - Đời Sống
28618,1815,Phụ Kiện Điện Thoại và Máy Tính Bảng
12218,8371,Đồng hồ và Trang sức
11863,1520,Thực phẩm chức năng
23260,1883,Đồ dùng và thiết bị nhà tắm
8212,1520,Chăm sóc cơ thể
2,1883,Nhạc cụ
11865,1520,Làm Đẹp - Sức Khỏe
9013,1815,Thiết Bị Chơi Game và Phụ Kiện
18888,1883,Nhà Cửa - Đời Sống
49722,8371,Đồng hồ và Trang sức
23030,1883,Nhà Cửa - Đời Sống
49728,8371,Phụ kiện đồng hồ
1609,1520,Trang điểm 
1608,1520,Trang điểm 
8308,1520,Làm Đẹp - Sức Khỏe
23592,1883,Nội thất
23660,1883,Nhà Cửa - Đời Sống
23706,1883,Nhà Cửa - Đời Sống
53350,1520,Chăm sóc da mặt
53352,1520,Làm Đẹp - Sức Khỏe
8043,1815,Thiết Bị Đeo Thông Minh và Phụ Kiện
5007,1815,Thiết Bị Số - Phụ Kiện Số
8227,1520,Chăm sóc da mặt
8190,1520,Trang điểm 
8196,1520,Trang điểm 
20182,1815,Thiết Bị Âm Thanh và Phụ Kiện
8206,1520,Chăm sóc da mặt
8194,1520,Trang điểm 
11835,1520,Chăm sóc cá nhân
23520,1883,Nhà Cửa - Đời Sống
1633,1520,Máy Massage & Thiết bị chăm sóc sức khỏe
28716,1815,Phụ kiện máy tính và Laptop
8073,1815,Thiết Bị Âm Thanh và Phụ Kiện
20246,1815,Thiết Bị Số - Phụ Kiện Số
28426,1815,Thiết Bị Số - Phụ Kiện Số
53348,1520,Làm Đẹp - Sức Khỏe
23024,1883,Dụng cụ nhà bếp
23228,1883,Dụng cụ nhà bếp
28644,1815,Thiết Bị Âm Thanh và Phụ Kiện
2334,1520,Dụng cụ làm đẹp
2327,1883,Nhà Cửa - Đời Sống
28432,1815,Thiết Bị Số - Phụ Kiện Số
28432,1815,Thiết Bị Thông Minh và Linh Kiện Điện Tử
26658,1815,Thiết Bị Âm Thanh và Phụ Kiện
17460,1520,Làm Đẹp - Sức Khỏe
23366,1883,Đồ dùng phòng ngủ
1974,1883,Nhà Cửa - Đời Sống
2760,1883,Sửa chữa nhà cửa
11863,1520,Làm Đẹp - Sức Khỏe
28588,1815,Phụ Kiện Điện Thoại và Máy Tính Bảng
28696,1815,Thiết Bị Số - Phụ Kiện Số
4413,1520,Làm Đẹp - Sức Khỏe
28580,1815,Phụ Kiện Điện Thoại và Máy Tính Bảng
6511,1883,Nhà Cửa - Đời Sống
27172,1883,Ngoài trời & sân vườn
11897,1520,Thực phẩm chức năng
11731,1520,Làm Đẹp - Sức Khỏe
5872,1520,Chăm sóc da mặt
17184,1520,Trang điểm 
23216,1883,Dụng cụ nhà bếp
2162,1520,Làm Đẹp - Sức Khỏe
8201,1520,Làm Đẹp - Sức Khỏe
2020,1883,Đèn & thiết bị chiếu sáng
1623,1520,Làm Đẹp - Sức Khỏe
28698,1815,Phụ kiện máy tính và Laptop
8212,1520,Làm Đẹp - Sức Khỏe
11893,1520,Thực phẩm chức năng
11879,1520,Thực phẩm chức năng
1973,1883,Trang trí nhà cửa
28716,1815,Thiết Bị Số - Phụ Kiện Số
28580,1815,Thiết Bị Số - Phụ Kiện Số
23036,1883,Đồ dùng và thiết bị nhà tắm
27544,8371,Đồng hồ và Trang sức
11829,1520,Làm Đẹp - Sức Khỏe
1520,1520,Hỗ trợ tình dục
2,1520,Nước hoa
2,1520,Hỗ trợ tình dục
20256,1815,Thiết Bị Số - Phụ Kiện Số
11799,1520,Trang điểm 
1883,1883,Ngoài trời & sân vườn
27170,1883,Ngoài trời & sân vườn
6511,1883,Trang trí nhà cửa
10423,1520,Làm Đẹp - Sức Khỏe
11827,1520,Chăm sóc tóc và da đầu
4429,1815,Thiết Bị Số - Phụ Kiện Số
17180,1520,Chăm sóc tóc và da đầu
1594,1520,Chăm sóc cá nhân
1625,1520,Chăm sóc cá nhân
28450,1815,Phụ Kiện Điện Thoại và Máy Tính Bảng
8215,1815,Thiết Bị Số - Phụ Kiện Số
53186,1883,Nhà Cửa - Đời Sống
28592,1815,Thiết Bị Số - Phụ Kiện Số
53058,1883,Ngoài trời & sân vườn
1789,1789,Điện thoại phổ thông
11759,1520,Làm Đẹp - Sức Khỏe
28622,1815,Phụ Kiện Điện Thoại và Máy Tính Bảng
20492,1883,Dụng cụ & Thiết bị tiện ích
2346,1520,Làm Đẹp - Sức Khỏe
5454,1883,Nhà Cửa - Đời Sống
27256,1883,Dụng cụ nhà bếp
12984,1883,Sửa chữa nhà cửa
23596,1883,Nhà Cửa - Đời Sống
23370,1883,Nhà Cửa - Đời Sống
1633,1520,Làm Đẹp - Sức Khỏe
53348,1520,Chăm sóc cá nhân
27222,1883,Nhà Cửa - Đời Sống
0,1789,Điện Thoại - Máy Tính Bảng
27222,1883,Trang trí nhà cửa
23646,1883,Nhà Cửa - Đời Sống
7078,1815,Thiết Bị Âm Thanh và Phụ Kiện
1609,1520,Làm Đẹp - Sức Khỏe
2018,1883,Đèn & thiết bị chiếu sáng
23704,1883,Nhà Cửa - Đời Sống
12988,1883,Ngoài trời & sân vườn
12878,1815,Thiết Bị Số - Phụ Kiện Số
11375,8371,Đồng hồ trẻ em
53186,1815,Thiết Bị Số - Phụ Kiện Số
2153,1815,Thiết Bị Số - Phụ Kiện Số
9052,1883,Nhà Cửa - Đời Sống
11819,1520,Làm Đẹp - Sức Khỏe
28872,1815,Thiết Bị Âm Thanh và Phụ Kiện
8042,1815,Thiết Bị Đeo Thông Minh và Phụ Kiện
28874,1815,Thiết Bị Âm Thanh và Phụ Kiện
1520,1520,Chăm sóc da mặt
12882,1815,Thiết Bị Âm Thanh và Phụ Kiện
11741,1520,Làm Đẹp - Sức Khỏe
8042,1815,Thiết Bị Số - Phụ Kiện Số
23126,1883,Dụng cụ nhà bếp
28866,1815,Thiết Bị Âm Thanh và Phụ Kiện
28872,1815,Thiết Bị Số - Phụ Kiện Số
17174,1520,Chăm sóc da mặt
2849,1883,Dụng cụ nhà bếp
28858,1815,Thiết Bị Số - Phụ Kiện Số
23016,1883,Dụng cụ & Thiết bị tiện ích
23112,8371,Đồng hồ và Trang sức
28680,1815,Phụ kiện máy tính và Laptop
23102,1883,Trang trí nhà cửa
10228,1520,Chăm sóc cá nhân
11735,1520,Chăm sóc cơ thể
2,1520,Chăm sóc cá nhân
28676,1815,Thiết Bị Số - Phụ Kiện Số
12890,1815,Thiết Bị Số - Phụ Kiện Số
23220,1883,Dụng cụ nhà bếp
18888,1883,Ngoài trời & sân vườn
28876,1815,Thiết Bị Số - Phụ Kiện Số
8189,1520,Dụng cụ làm đẹp
8193,1883,Đồ dùng và thiết bị nhà tắm
28698,1815,Thiết Bị Số - Phụ Kiện Số
1641,1520,Trang điểm 
23688,1883,Sửa chữa nhà cửa
8066,1815,Thiết Bị Âm Thanh và Phụ Kiện
11925,1520,Máy Massage & Thiết bị chăm sóc sức khỏe
3515,1883,Dụng cụ nhà bếp
23714,1883,Nhà Cửa - Đời Sống
7713,1883,Trang trí nhà cửa
20172,1815,Thiết Bị Số - Phụ Kiện Số
11859,1520,Thực phẩm chức năng
23040,1883,Nhà Cửa - Đời Sống
1639,1815,Thiết Bị Âm Thanh và Phụ Kiện
11899,1520,Thực phẩm chức năng
2555,1520,Chăm sóc cá nhân
8226,1520,Chăm sóc cơ thể
18860,1883,Nhà Cửa - Đời Sống
11856,1883,Sửa chữa nhà cửa
23708,1883,Sửa chữa nhà cửa
28736,1815,Phụ kiện máy tính và Laptop
23692,1883,Nhà Cửa - Đời Sống
1636,1520,Nước hoa
28456,1815,Thiết Bị Số - Phụ Kiện Số
28464,1815,Thiết Bị Số - Phụ Kiện Số
2,1789,Điện thoại phổ thông
23104,1883,Trang trí nhà cửa
23652,1883,Nhà Cửa - Đời Sống
2,1520,Chăm sóc cơ thể
11853,1520,Thực phẩm chức năng
11845,1520,Thực phẩm chức năng
2,1789,Điện Thoại - Máy Tính Bảng
2,1520,Thực phẩm chức năng
1883,1883,Nhạc cụ
23554,1883,Nhà Cửa - Đời Sống
8217,1520,Chăm sóc cơ thể
4880,1815,Phụ kiện máy tính và Laptop
23544,1883,Sửa chữa nhà cửa
28586,1815,Thiết Bị Số - Phụ Kiện Số
28722,1815,Phụ kiện máy tính và Laptop
1637,1520,Nước hoa
27546,8371,Đồng hồ và Trang sức
27172,1883,Nhà Cửa - Đời Sống
28720,1815,Phụ kiện máy tính và Laptop
23210,1883,Dụng cụ nhà bếp
28584,1815,Thiết Bị Số - Phụ Kiện Số
20172,1815,Thiết Bị Âm Thanh và Phụ Kiện
23162,1883,Nhà Cửa - Đời Sống
28450,1815,Thiết Bị Số - Phụ Kiện Số
28592,1815,Phụ Kiện Điện Thoại và Máy Tính Bảng
28582,1815,Phụ Kiện Điện Thoại và Máy Tính Bảng
11737,1520,Làm Đẹp - Sức Khỏe
11887,1520,Thực phẩm chức năng
8216,1520,Chăm sóc cơ thể
1604,1520,Làm Đẹp - Sức Khỏe
1596,1520,Trang điểm 
11887,1520,Làm Đẹp - Sức Khỏe
11889,1520,Thực phẩm chức năng
2348,1520,Làm Đẹp - Sức Khỏe
28712,1815,Thiết Bị Số - Phụ Kiện Số
12878,1815,Thiết Bị Âm Thanh và Phụ Kiện
1604,1520,Trang điểm 
1612,1520,Trang điểm 
11877,1520,Thực phẩm chức năng
1600,1520,Làm Đẹp - Sức Khỏe
8221,1520,Làm Đẹp - Sức Khỏe
28696,1815,Phụ kiện máy tính và Laptop
2162,1520,Máy Massage & Thiết bị chăm sóc sức khỏe
2348,1520,Chăm sóc cơ thể
20190,1815,Thiết Bị Số - Phụ Kiện Số
8171,1520,Máy Massage & Thiết bị chăm sóc sức khỏe
23272,1883,Nhà Cửa - Đời Sống
8309,1520,Chăm sóc cơ thể
11749,1520,Làm Đẹp - Sức Khỏe
2265,1883,Sửa chữa nhà cửa
11861,1520,Thực phẩm chức năng
1605,1520,Làm Đẹp - Sức Khỏe
8188,1520,Làm Đẹp - Sức Khỏe
28724,1815,Phụ kiện máy tính và Laptop
23056,1883,Đồ thờ cúng
27230,1883,Trang trí nhà cửa
23508,1883,Nhạc cụ
23600,1883,Nội thất
2511,1883,Dụng cụ nhà bếp
1934,1883,Nhà Cửa - Đời Sống
23334,1883,Nhà Cửa - Đời Sống
23506,1883,Nhà Cửa - Đời Sống
1605,1520,Trang điểm 
28398,1815,Thiết Bị Chơi Game và Phụ Kiện
11937,1520,Dụng cụ làm đẹp
27192,1883,Nhà Cửa - Đời Sống
23322,1883,Đồ dùng phòng ăn
23210,1883,Nhà Cửa - Đời Sống
23072,1883,Đồ thờ cúng
23270,1883,Đồ dùng và thiết bị nhà tắm
23288,1883,Đồ dùng phòng ăn
8229,1520,Làm Đẹp - Sức Khỏe
28582,1815,Thiết Bị Số - Phụ Kiện Số
23154,1883,Dụng cụ nhà bếp
12988,1883,Nhà Cửa - Đời Sống
